Operación,Pandas (s),Polars (s),Speedup
Filtrado,0.011668634414672852,0.010951924324035644,1.0654414758020452
GroupBy,0.41735618114471434,0.037827348709106444,11.033186183736987
JOIN,0.015618324279785156,0.008547782897949219,1.827178400089256
Pipeline Total,1.3956579208374023,0.1998448848724365,6.983705996419514
